Forward Primer (FP),FP GC%,FP Binding Start Site,Reverse Primer (RP),RP GC%,RP Binding Start Site,Amplicon Size,Max Dimerisation Percentage Score,Max Dimerisation String,Forward Primer Length,Reverse Primer Length,Minimum Primer 3' Identity Anchor,Probe (P),Probe GC%,Probe Binding Start Site,Probe Length
TCTGATAATGGACCCCAAAATCAGCGAAATGC,43.75,77.0,CCACTGCGTTCTCCATTCTGGTTACTGCCAGT,53.125,143.0,98.0,37.5,"    TCTGATAATGGACCCCAAAATCAGCGAAATGC                             
----|||||---|--|||--|------|||---|-------------------------------
ACTTAGACTCCCAGGTGGTTTGCATTACGCCCCA                               ",32.0,32.0,32.0,ACCCCGCATTACGTTTGGTGGACCCTCAGATTCA,52.94117647058824,109.0,34.0
TCTGATAATGGACCCCAAAATCAGCGAAATGC,43.75,77.0,CCCACTGCGTTCTCCATTCTGGTTACTGCCAG,56.25,144.0,99.0,37.5,"    TCTGATAATGGACCCCAAAATCAGCGAAATGC                             
----|||||---|--|||--|------|||---|-------------------------------
ACTTAGACTCCCAGGTGGTTTGCATTACGCCCCA                               ",32.0,32.0,32.0,ACCCCGCATTACGTTTGGTGGACCCTCAGATTCA,52.94117647058824,109.0,34.0
TCTGATAATGGACCCCAAAATCAGCGAAATGC,43.75,77.0,CCCCACTGCGTTCTCCATTCTGGTTACTGCCA,56.25,145.0,100.0,37.5,"    TCTGATAATGGACCCCAAAATCAGCGAAATGC                             
----|||||---|--|||--|------|||---|-------------------------------
ACTTAGACTCCCAGGTGGTTTGCATTACGCCCCA                               ",32.0,32.0,32.0,ACCCCGCATTACGTTTGGTGGACCCTCAGATTCA,52.94117647058824,109.0,34.0
TCTGATAATGGACCCCAAAATCAGCGAAATGC,43.75,77.0,GCCCCACTGCGTTCTCCATTCTGGTTACTGCC,59.375,146.0,101.0,40.625,"    TCTGATAATGGACCCCAAAATCAGCGAAATGC                             
----|||||---|--|||--|------|||---|-------------------------------
ACTTAGACTCCCAGGTGGTTTGCATTACGCCCCA                               ",32.0,32.0,32.0,ACCCCGCATTACGTTTGGTGGACCCTCAGATTCA,52.94117647058824,109.0,34.0
TCTGATAATGGACCCCAAAATCAGCGAAATGC,43.75,77.0,CGCCCCACTGCGTTCTCCATTCTGGTTACTGC,59.375,147.0,102.0,40.625,"    TCTGATAATGGACCCCAAAATCAGCGAAATGC                             
----|||||---|--|||--|------|||---|-------------------------------
ACTTAGACTCCCAGGTGGTTTGCATTACGCCCCA                               ",32.0,32.0,32.0,ACCCCGCATTACGTTTGGTGGACCCTCAGATTCA,52.94117647058824,109.0,34.0
TCTGATAATGGACCCCAAAATCAGCGAAATGC,43.75,77.0,GCGCCCCACTGCGTTCTCCATTCTGGTTACTG,59.375,148.0,103.0,40.625,"    TCTGATAATGGACCCCAAAATCAGCGAAATGC                             
----|||||---|--|||--|------|||---|-------------------------------
ACTTAGACTCCCAGGTGGTTTGCATTACGCCCCA                               ",32.0,32.0,32.0,ACCCCGCATTACGTTTGGTGGACCCTCAGATTCA,52.94117647058824,109.0,34.0
TCTGATAATGGACCCCAAAATCAGCGAAATGC,43.75,77.0,CGCGCCCCACTGCGTTCTCCATTCTGGTTACT,59.375,149.0,104.0,37.5,"    TCTGATAATGGACCCCAAAATCAGCGAAATGC                             
----|||||---|--|||--|------|||---|-------------------------------
ACTTAGACTCCCAGGTGGTTTGCATTACGCCCCA                               ",32.0,32.0,32.0,ACCCCGCATTACGTTTGGTGGACCCTCAGATTCA,52.94117647058824,109.0,34.0
TCTGATAATGGACCCCAAAATCAGCGAAATGC,43.75,77.0,TCGCGCCCCACTGCGTTCTCCATTCTGGTTAC,59.375,150.0,105.0,37.5,"    TCTGATAATGGACCCCAAAATCAGCGAAATGC                             
----|||||---|--|||--|------|||---|-------------------------------
ACTTAGACTCCCAGGTGGTTTGCATTACGCCCCA                               ",32.0,32.0,32.0,ACCCCGCATTACGTTTGGTGGACCCTCAGATTCA,52.94117647058824,109.0,34.0
TCTGATAATGGACCCCAAAATCAGCGAAATGC,43.75,77.0,ATCGCGCCCCACTGCGTTCTCCATTCTGGTTA,56.25,151.0,106.0,37.5,"    TCTGATAATGGACCCCAAAATCAGCGAAATGC                             
----|||||---|--|||--|------|||---|-------------------------------
ACTTAGACTCCCAGGTGGTTTGCATTACGCCCCA                               ",32.0,32.0,32.0,ACCCCGCATTACGTTTGGTGGACCCTCAGATTCA,52.94117647058824,109.0,34.0
TCTGATAATGGACCCCAAAATCAGCGAAATGC,43.75,77.0,GATCGCGCCCCACTGCGTTCTCCATTCTGGTT,59.375,152.0,107.0,37.5,"    TCTGATAATGGACCCCAAAATCAGCGAAATGC                             
----|||||---|--|||--|------|||---|-------------------------------
ACTTAGACTCCCAGGTGGTTTGCATTACGCCCCA                               ",32.0,32.0,32.0,ACCCCGCATTACGTTTGGTGGACCCTCAGATTCA,52.94117647058824,109.0,34.0
TCTGATAATGGACCCCAAAATCAGCGAAATGC,43.75,77.0,TGATCGCGCCCCACTGCGTTCTCCATTCTGGT,59.375,153.0,108.0,37.5,"    TCTGATAATGGACCCCAAAATCAGCGAAATGC                             
----|||||---|--|||--|------|||---|-------------------------------
ACTTAGACTCCCAGGTGGTTTGCATTACGCCCCA                               ",32.0,32.0,32.0,ACCCCGCATTACGTTTGGTGGACCCTCAGATTCA,52.94117647058824,109.0,34.0
TCTGATAATGGACCCCAAAATCAGCGAAATGC,43.75,77.0,TTGATCGCGCCCCACTGCGTTCTCCATTCTGG,59.375,154.0,109.0,37.5,"    TCTGATAATGGACCCCAAAATCAGCGAAATGC                             
----|||||---|--|||--|------|||---|-------------------------------
ACTTAGACTCCCAGGTGGTTTGCATTACGCCCCA                               ",32.0,32.0,32.0,ACCCCGCATTACGTTTGGTGGACCCTCAGATTCA,52.94117647058824,109.0,34.0
TCTGATAATGGACCCCAAAATCAGCGAAATGC,43.75,77.0,TTTGATCGCGCCCCACTGCGTTCTCCATTCTG,56.25,155.0,110.0,34.375,"    TCTGATAATGGACCCCAAAATCAGCGAAATGC                             
----|||||---|--|||--|------|||---|-------------------------------
ACTTAGACTCCCAGGTGGTTTGCATTACGCCCCA                               ",32.0,32.0,32.0,ACCCCGCATTACGTTTGGTGGACCCTCAGATTCA,52.94117647058824,109.0,34.0
TCTGATAATGGACCCCAAAATCAGCGAAATGC,43.75,77.0,TTTTGATCGCGCCCCACTGCGTTCTCCATTCT,53.125,156.0,111.0,34.375,"    TCTGATAATGGACCCCAAAATCAGCGAAATGC                             
----|||||---|--|||--|------|||---|-------------------------------
ACTTAGACTCCCAGGTGGTTTGCATTACGCCCCA                               ",32.0,32.0,32.0,ACCCCGCATTACGTTTGGTGGACCCTCAGATTCA,52.94117647058824,109.0,34.0
TCTGATAATGGACCCCAAAATCAGCGAAATGC,43.75,77.0,GTTTTGATCGCGCCCCACTGCGTTCTCCATTC,56.25,157.0,112.0,37.5,"    TCTGATAATGGACCCCAAAATCAGCGAAATGC                             
----|||||---|--|||--|------|||---|-------------------------------
ACTTAGACTCCCAGGTGGTTTGCATTACGCCCCA                               ",32.0,32.0,32.0,ACCCCGCATTACGTTTGGTGGACCCTCAGATTCA,52.94117647058824,109.0,34.0
TCTGATAATGGACCCCAAAATCAGCGAAATGC,43.75,77.0,TGTTTTGATCGCGCCCCACTGCGTTCTCCATT,53.125,158.0,113.0,37.5,"    TCTGATAATGGACCCCAAAATCAGCGAAATGC                             
----|||||---|--|||--|------|||---|-------------------------------
ACTTAGACTCCCAGGTGGTTTGCATTACGCCCCA                               ",32.0,32.0,32.0,ACCCCGCATTACGTTTGGTGGACCCTCAGATTCA,52.94117647058824,109.0,34.0
TCTGATAATGGACCCCAAAATCAGCGAAATGC,43.75,77.0,TTGTTTTGATCGCGCCCCACTGCGTTCTCCAT,53.125,159.0,114.0,40.625,"    TCTGATAATGGACCCCAAAATCAGCGAAATGC                             
----|||||---|--|||--|------|||---|-------------------------------
ACTTAGACTCCCAGGTGGTTTGCATTACGCCCCA                               ",32.0,32.0,32.0,ACCCCGCATTACGTTTGGTGGACCCTCAGATTCA,52.94117647058824,109.0,34.0
TCTGATAATGGACCCCAAAATCAGCGAAATGC,43.75,77.0,GTTGTTTTGATCGCGCCCCACTGCGTTCTCCA,56.25,160.0,115.0,40.625,"    TCTGATAATGGACCCCAAAATCAGCGAAATGC                             
----|||||---|--|||--|------|||---|-------------------------------
ACTTAGACTCCCAGGTGGTTTGCATTACGCCCCA                               ",32.0,32.0,32.0,ACCCCGCATTACGTTTGGTGGACCCTCAGATTCA,52.94117647058824,109.0,34.0
TCTGATAATGGACCCCAAAATCAGCGAAATGC,43.75,77.0,CGTTGTTTTGATCGCGCCCCACTGCGTTCTCC,59.375,161.0,116.0,37.5,"    TCTGATAATGGACCCCAAAATCAGCGAAATGC                             
----|||||---|--|||--|------|||---|-------------------------------
ACTTAGACTCCCAGGTGGTTTGCATTACGCCCCA                               ",32.0,32.0,32.0,ACCCCGCATTACGTTTGGTGGACCCTCAGATTCA,52.94117647058824,109.0,34.0
TCTGATAATGGACCCCAAAATCAGCGAAATGC,43.75,77.0,ACGTTGTTTTGATCGCGCCCCACTGCGTTCTC,56.25,162.0,117.0,37.5,"    TCTGATAATGGACCCCAAAATCAGCGAAATGC                             
----|||||---|--|||--|------|||---|-------------------------------
ACTTAGACTCCCAGGTGGTTTGCATTACGCCCCA                               ",32.0,32.0,32.0,ACCCCGCATTACGTTTGGTGGACCCTCAGATTCA,52.94117647058824,109.0,34.0
TCTGATAATGGACCCCAAAATCAGCGAAATGC,43.75,77.0,GACGTTGTTTTGATCGCGCCCCACTGCGTTCT,56.25,163.0,118.0,34.375,"    TCTGATAATGGACCCCAAAATCAGCGAAATGC                             
----|||||---|--|||--|------|||---|-------------------------------
ACTTAGACTCCCAGGTGGTTTGCATTACGCCCCA                               ",32.0,32.0,32.0,ACCCCGCATTACGTTTGGTGGACCCTCAGATTCA,52.94117647058824,109.0,34.0
TCTGATAATGGACCCCAAAATCAGCGAAATGC,43.75,77.0,CGACGTTGTTTTGATCGCGCCCCACTGCGTTC,59.375,164.0,119.0,31.25,"    TCTGATAATGGACCCCAAAATCAGCGAAATGC                             
----|||||---|--|||--|------|||---|-------------------------------
ACTTAGACTCCCAGGTGGTTTGCATTACGCCCCA                               ",32.0,32.0,32.0,ACCCCGCATTACGTTTGGTGGACCCTCAGATTCA,52.94117647058824,109.0,34.0
TCTGATAATGGACCCCAAAATCAGCGAAATGC,43.75,77.0,CCGACGTTGTTTTGATCGCGCCCCACTGCGTT,59.375,165.0,120.0,31.25,"    TCTGATAATGGACCCCAAAATCAGCGAAATGC                             
----|||||---|--|||--|------|||---|-------------------------------
ACTTAGACTCCCAGGTGGTTTGCATTACGCCCCA                               ",32.0,32.0,32.0,ACCCCGCATTACGTTTGGTGGACCCTCAGATTCA,52.94117647058824,109.0,34.0
AATGTCTGATAATGGACCCCAAAATCAGCGAA,40.625,73.0,TGCGTTCTCCATTCTGGTTACTGCCAGTTGAA,46.875,139.0,98.0,40.625,"    AGACTCCCAGGTGGTTTGCATTACGCCCCACGTA                           
----|||||---|--|||--|------|||-----------------------------------
AATGTCTGATAATGGACCCCAAAATCAGCGAA                                 ",32.0,32.0,32.0,ATGCACCCCGCATTACGTTTGGTGGACCCTCAGA,55.88235294117647,105.0,34.0
AATGTCTGATAATGGACCCCAAAATCAGCGAA,40.625,73.0,CTGCGTTCTCCATTCTGGTTACTGCCAGTTGA,50.0,140.0,99.0,40.625,"    AGACTCCCAGGTGGTTTGCATTACGCCCCACGTA                           
----|||||---|--|||--|------|||-----------------------------------
AATGTCTGATAATGGACCCCAAAATCAGCGAA                                 ",32.0,32.0,32.0,ATGCACCCCGCATTACGTTTGGTGGACCCTCAGA,55.88235294117647,105.0,34.0
AATGTCTGATAATGGACCCCAAAATCAGCGAA,40.625,73.0,ACTGCGTTCTCCATTCTGGTTACTGCCAGTTG,50.0,141.0,100.0,40.625,"    AGACTCCCAGGTGGTTTGCATTACGCCCCACGTA                           
----|||||---|--|||--|------|||-----------------------------------
AATGTCTGATAATGGACCCCAAAATCAGCGAA                                 ",32.0,32.0,32.0,ATGCACCCCGCATTACGTTTGGTGGACCCTCAGA,55.88235294117647,105.0,34.0
AATGTCTGATAATGGACCCCAAAATCAGCGAA,40.625,73.0,CACTGCGTTCTCCATTCTGGTTACTGCCAGTT,50.0,142.0,101.0,40.625,"    AGACTCCCAGGTGGTTTGCATTACGCCCCACGTA                           
----|||||---|--|||--|------|||-----------------------------------
AATGTCTGATAATGGACCCCAAAATCAGCGAA                                 ",32.0,32.0,32.0,ATGCACCCCGCATTACGTTTGGTGGACCCTCAGA,55.88235294117647,105.0,34.0
AATGTCTGATAATGGACCCCAAAATCAGCGAA,40.625,73.0,CCACTGCGTTCTCCATTCTGGTTACTGCCAGT,53.125,143.0,102.0,40.625,"    AGACTCCCAGGTGGTTTGCATTACGCCCCACGTA                           
----|||||---|--|||--|------|||-----------------------------------
AATGTCTGATAATGGACCCCAAAATCAGCGAA                                 ",32.0,32.0,32.0,ATGCACCCCGCATTACGTTTGGTGGACCCTCAGA,55.88235294117647,105.0,34.0
AATGTCTGATAATGGACCCCAAAATCAGCGAA,40.625,73.0,CCCACTGCGTTCTCCATTCTGGTTACTGCCAG,56.25,144.0,103.0,40.625,"    AGACTCCCAGGTGGTTTGCATTACGCCCCACGTA                           
----|||||---|--|||--|------|||-----------------------------------
AATGTCTGATAATGGACCCCAAAATCAGCGAA                                 ",32.0,32.0,32.0,ATGCACCCCGCATTACGTTTGGTGGACCCTCAGA,55.88235294117647,105.0,34.0
AATGTCTGATAATGGACCCCAAAATCAGCGAA,40.625,73.0,CCCCACTGCGTTCTCCATTCTGGTTACTGCCA,56.25,145.0,104.0,37.5,"    AGACTCCCAGGTGGTTTGCATTACGCCCCACGTA                           
----|||||---|--|||--|------|||-----------------------------------
AATGTCTGATAATGGACCCCAAAATCAGCGAA                                 ",32.0,32.0,32.0,ATGCACCCCGCATTACGTTTGGTGGACCCTCAGA,55.88235294117647,105.0,34.0
AATGTCTGATAATGGACCCCAAAATCAGCGAA,40.625,73.0,GCCCCACTGCGTTCTCCATTCTGGTTACTGCC,59.375,146.0,105.0,37.5,"    AGACTCCCAGGTGGTTTGCATTACGCCCCACGTA                           
----|||||---|--|||--|------|||-----------------------------------
AATGTCTGATAATGGACCCCAAAATCAGCGAA                                 ",32.0,32.0,32.0,ATGCACCCCGCATTACGTTTGGTGGACCCTCAGA,55.88235294117647,105.0,34.0
AATGTCTGATAATGGACCCCAAAATCAGCGAA,40.625,73.0,CGCCCCACTGCGTTCTCCATTCTGGTTACTGC,59.375,147.0,106.0,37.5,"    AGACTCCCAGGTGGTTTGCATTACGCCCCACGTA                           
----|||||---|--|||--|------|||-----------------------------------
AATGTCTGATAATGGACCCCAAAATCAGCGAA                                 ",32.0,32.0,32.0,ATGCACCCCGCATTACGTTTGGTGGACCCTCAGA,55.88235294117647,105.0,34.0
AATGTCTGATAATGGACCCCAAAATCAGCGAA,40.625,73.0,GCGCCCCACTGCGTTCTCCATTCTGGTTACTG,59.375,148.0,107.0,37.5,"    AGACTCCCAGGTGGTTTGCATTACGCCCCACGTA                           
----|||||---|--|||--|------|||-----------------------------------
AATGTCTGATAATGGACCCCAAAATCAGCGAA                                 ",32.0,32.0,32.0,ATGCACCCCGCATTACGTTTGGTGGACCCTCAGA,55.88235294117647,105.0,34.0
AATGTCTGATAATGGACCCCAAAATCAGCGAA,40.625,73.0,CGCGCCCCACTGCGTTCTCCATTCTGGTTACT,59.375,149.0,108.0,37.5,"    AGACTCCCAGGTGGTTTGCATTACGCCCCACGTA                           
----|||||---|--|||--|------|||-----------------------------------
AATGTCTGATAATGGACCCCAAAATCAGCGAA                                 ",32.0,32.0,32.0,ATGCACCCCGCATTACGTTTGGTGGACCCTCAGA,55.88235294117647,105.0,34.0
AATGTCTGATAATGGACCCCAAAATCAGCGAA,40.625,73.0,TCGCGCCCCACTGCGTTCTCCATTCTGGTTAC,59.375,150.0,109.0,37.5,"    AGACTCCCAGGTGGTTTGCATTACGCCCCACGTA                           
----|||||---|--|||--|------|||-----------------------------------
AATGTCTGATAATGGACCCCAAAATCAGCGAA                                 ",32.0,32.0,32.0,ATGCACCCCGCATTACGTTTGGTGGACCCTCAGA,55.88235294117647,105.0,34.0
AATGTCTGATAATGGACCCCAAAATCAGCGAA,40.625,73.0,ATCGCGCCCCACTGCGTTCTCCATTCTGGTTA,56.25,151.0,110.0,37.5,"    AGACTCCCAGGTGGTTTGCATTACGCCCCACGTA                           
----|||||---|--|||--|------|||-----------------------------------
AATGTCTGATAATGGACCCCAAAATCAGCGAA                                 ",32.0,32.0,32.0,ATGCACCCCGCATTACGTTTGGTGGACCCTCAGA,55.88235294117647,105.0,34.0
AATGTCTGATAATGGACCCCAAAATCAGCGAA,40.625,73.0,GATCGCGCCCCACTGCGTTCTCCATTCTGGTT,59.375,152.0,111.0,37.5,"    AGACTCCCAGGTGGTTTGCATTACGCCCCACGTA                           
----|||||---|--|||--|------|||-----------------------------------
AATGTCTGATAATGGACCCCAAAATCAGCGAA                                 ",32.0,32.0,32.0,ATGCACCCCGCATTACGTTTGGTGGACCCTCAGA,55.88235294117647,105.0,34.0
AATGTCTGATAATGGACCCCAAAATCAGCGAA,40.625,73.0,TGATCGCGCCCCACTGCGTTCTCCATTCTGGT,59.375,153.0,112.0,40.625,"    AGACTCCCAGGTGGTTTGCATTACGCCCCACGTA                           
----|||||---|--|||--|------|||-----------------------------------
AATGTCTGATAATGGACCCCAAAATCAGCGAA                                 ",32.0,32.0,32.0,ATGCACCCCGCATTACGTTTGGTGGACCCTCAGA,55.88235294117647,105.0,34.0
AATGTCTGATAATGGACCCCAAAATCAGCGAA,40.625,73.0,TTGATCGCGCCCCACTGCGTTCTCCATTCTGG,59.375,154.0,113.0,37.5,"    AGACTCCCAGGTGGTTTGCATTACGCCCCACGTA                           
----|||||---|--|||--|------|||-----------------------------------
AATGTCTGATAATGGACCCCAAAATCAGCGAA                                 ",32.0,32.0,32.0,ATGCACCCCGCATTACGTTTGGTGGACCCTCAGA,55.88235294117647,105.0,34.0
AATGTCTGATAATGGACCCCAAAATCAGCGAA,40.625,73.0,TTTGATCGCGCCCCACTGCGTTCTCCATTCTG,56.25,155.0,114.0,37.5,"    AGACTCCCAGGTGGTTTGCATTACGCCCCACGTA                           
----|||||---|--|||--|------|||-----------------------------------
AATGTCTGATAATGGACCCCAAAATCAGCGAA                                 ",32.0,32.0,32.0,ATGCACCCCGCATTACGTTTGGTGGACCCTCAGA,55.88235294117647,105.0,34.0
AATGTCTGATAATGGACCCCAAAATCAGCGAA,40.625,73.0,TTTTGATCGCGCCCCACTGCGTTCTCCATTCT,53.125,156.0,115.0,37.5,"    AGACTCCCAGGTGGTTTGCATTACGCCCCACGTA                           
----|||||---|--|||--|------|||-----------------------------------
AATGTCTGATAATGGACCCCAAAATCAGCGAA                                 ",32.0,32.0,32.0,ATGCACCCCGCATTACGTTTGGTGGACCCTCAGA,55.88235294117647,105.0,34.0
AATGTCTGATAATGGACCCCAAAATCAGCGAA,40.625,73.0,GTTTTGATCGCGCCCCACTGCGTTCTCCATTC,56.25,157.0,116.0,37.5,"    AGACTCCCAGGTGGTTTGCATTACGCCCCACGTA                           
----|||||---|--|||--|------|||-----------------------------------
AATGTCTGATAATGGACCCCAAAATCAGCGAA                                 ",32.0,32.0,32.0,ATGCACCCCGCATTACGTTTGGTGGACCCTCAGA,55.88235294117647,105.0,34.0
AATGTCTGATAATGGACCCCAAAATCAGCGAA,40.625,73.0,TGTTTTGATCGCGCCCCACTGCGTTCTCCATT,53.125,158.0,117.0,37.5,"    AGACTCCCAGGTGGTTTGCATTACGCCCCACGTA                           
----|||||---|--|||--|------|||-----------------------------------
AATGTCTGATAATGGACCCCAAAATCAGCGAA                                 ",32.0,32.0,32.0,ATGCACCCCGCATTACGTTTGGTGGACCCTCAGA,55.88235294117647,105.0,34.0
AATGTCTGATAATGGACCCCAAAATCAGCGAA,40.625,73.0,TTGTTTTGATCGCGCCCCACTGCGTTCTCCAT,53.125,159.0,118.0,40.625,"    AGACTCCCAGGTGGTTTGCATTACGCCCCACGTA                           
----|||||---|--|||--|------|||-----------------------------------
AATGTCTGATAATGGACCCCAAAATCAGCGAA                                 ",32.0,32.0,32.0,ATGCACCCCGCATTACGTTTGGTGGACCCTCAGA,55.88235294117647,105.0,34.0
AATGTCTGATAATGGACCCCAAAATCAGCGAA,40.625,73.0,GTTGTTTTGATCGCGCCCCACTGCGTTCTCCA,56.25,160.0,119.0,40.625,"    AGACTCCCAGGTGGTTTGCATTACGCCCCACGTA                           
----|||||---|--|||--|------|||-----------------------------------
AATGTCTGATAATGGACCCCAAAATCAGCGAA                                 ",32.0,32.0,32.0,ATGCACCCCGCATTACGTTTGGTGGACCCTCAGA,55.88235294117647,105.0,34.0
AATGTCTGATAATGGACCCCAAAATCAGCGAA,40.625,73.0,CGTTGTTTTGATCGCGCCCCACTGCGTTCTCC,59.375,161.0,120.0,43.75,"  CGTTGTTTTGATCGCGCCCCACTGCGTTCTCC                               
--|||-|-----|--||---||||---|---||--------------------------------
ATGCACCCCGCATTACGTTTGGTGGACCCTCAGA                               ",32.0,32.0,32.0,ATGCACCCCGCATTACGTTTGGTGGACCCTCAGA,55.88235294117647,105.0,34.0
AATGTCTGATAATGGACCCCAAAATCAGCGAA,40.625,73.0,ACGTTGTTTTGATCGCGCCCCACTGCGTTCTC,56.25,162.0,121.0,46.875," ACGTTGTTTTGATCGCGCCCCACTGCGTTCTC                                
-||||-|-----|--||---||||---|---||--------------------------------
ATGCACCCCGCATTACGTTTGGTGGACCCTCAGA                               ",32.0,32.0,32.0,ATGCACCCCGCATTACGTTTGGTGGACCCTCAGA,55.88235294117647,105.0,34.0
AATGTCTGATAATGGACCCCAAAATCAGCGAA,40.625,73.0,GACGTTGTTTTGATCGCGCCCCACTGCGTTCT,56.25,163.0,122.0,43.75,"ATGCACCCCGCATTACGTTTGGTGGACCCTCAGA                               
-||||-|-----|--||---||||---|---|---------------------------------
GACGTTGTTTTGATCGCGCCCCACTGCGTTCT                                 ",32.0,32.0,32.0,ATGCACCCCGCATTACGTTTGGTGGACCCTCAGA,55.88235294117647,105.0,34.0
AATGTCTGATAATGGACCCCAAAATCAGCGAA,40.625,73.0,CGACGTTGTTTTGATCGCGCCCCACTGCGTTC,59.375,164.0,123.0,40.625,"    AGACTCCCAGGTGGTTTGCATTACGCCCCACGTA                           
----|||||---|--|||--|------|||-----------------------------------
AATGTCTGATAATGGACCCCAAAATCAGCGAA                                 ",32.0,32.0,32.0,ATGCACCCCGCATTACGTTTGGTGGACCCTCAGA,55.88235294117647,105.0,34.0
AATGTCTGATAATGGACCCCAAAATCAGCGAA,40.625,73.0,CCGACGTTGTTTTGATCGCGCCCCACTGCGTT,59.375,165.0,124.0,40.625,"    AGACTCCCAGGTGGTTTGCATTACGCCCCACGTA                           
----|||||---|--|||--|------|||-----------------------------------
AATGTCTGATAATGGACCCCAAAATCAGCGAA                                 ",32.0,32.0,32.0,ATGCACCCCGCATTACGTTTGGTGGACCCTCAGA,55.88235294117647,105.0,34.0
AATGTCTGATAATGGACCCCAAAATCAGCGAA,40.625,73.0,CTGCGTTCTCCATTCTGGTTACTGCCAGTTGA,50.0,140.0,99.0,37.5,"   TAGACTCCCAGGTGGTTTGCATTACGCCCCACGT                            
----|||||---|--|||--|------|||-----------------------------------
AATGTCTGATAATGGACCCCAAAATCAGCGAA                                 ",32.0,32.0,32.0,TGCACCCCGCATTACGTTTGGTGGACCCTCAGAT,55.88235294117647,106.0,34.0
AATGTCTGATAATGGACCCCAAAATCAGCGAA,40.625,73.0,ACTGCGTTCTCCATTCTGGTTACTGCCAGTTG,50.0,141.0,100.0,40.625,"   TAGACTCCCAGGTGGTTTGCATTACGCCCCACGT                            
----|||||---|--|||--|------|||-----------------------------------
AATGTCTGATAATGGACCCCAAAATCAGCGAA                                 ",32.0,32.0,32.0,TGCACCCCGCATTACGTTTGGTGGACCCTCAGAT,55.88235294117647,106.0,34.0
AATGTCTGATAATGGACCCCAAAATCAGCGAA,40.625,73.0,CACTGCGTTCTCCATTCTGGTTACTGCCAGTT,50.0,142.0,101.0,40.625,"   TAGACTCCCAGGTGGTTTGCATTACGCCCCACGT                            
----|||||---|--|||--|------|||-----------------------------------
AATGTCTGATAATGGACCCCAAAATCAGCGAA                                 ",32.0,32.0,32.0,TGCACCCCGCATTACGTTTGGTGGACCCTCAGAT,55.88235294117647,106.0,34.0
AATGTCTGATAATGGACCCCAAAATCAGCGAA,40.625,73.0,CCACTGCGTTCTCCATTCTGGTTACTGCCAGT,53.125,143.0,102.0,40.625,"   TAGACTCCCAGGTGGTTTGCATTACGCCCCACGT                            
----|||||---|--|||--|------|||-----------------------------------
AATGTCTGATAATGGACCCCAAAATCAGCGAA                                 ",32.0,32.0,32.0,TGCACCCCGCATTACGTTTGGTGGACCCTCAGAT,55.88235294117647,106.0,34.0
AATGTCTGATAATGGACCCCAAAATCAGCGAA,40.625,73.0,CCCACTGCGTTCTCCATTCTGGTTACTGCCAG,56.25,144.0,103.0,40.625,"   TAGACTCCCAGGTGGTTTGCATTACGCCCCACGT                            
----|||||---|--|||--|------|||-----------------------------------
AATGTCTGATAATGGACCCCAAAATCAGCGAA                                 ",32.0,32.0,32.0,TGCACCCCGCATTACGTTTGGTGGACCCTCAGAT,55.88235294117647,106.0,34.0
AATGTCTGATAATGGACCCCAAAATCAGCGAA,40.625,73.0,CCCCACTGCGTTCTCCATTCTGGTTACTGCCA,56.25,145.0,104.0,37.5,"   TAGACTCCCAGGTGGTTTGCATTACGCCCCACGT                            
----|||||---|--|||--|------|||-----------------------------------
AATGTCTGATAATGGACCCCAAAATCAGCGAA                                 ",32.0,32.0,32.0,TGCACCCCGCATTACGTTTGGTGGACCCTCAGAT,55.88235294117647,106.0,34.0
AATGTCTGATAATGGACCCCAAAATCAGCGAA,40.625,73.0,GCCCCACTGCGTTCTCCATTCTGGTTACTGCC,59.375,146.0,105.0,37.5,"   TAGACTCCCAGGTGGTTTGCATTACGCCCCACGT                            
----|||||---|--|||--|------|||-----------------------------------
AATGTCTGATAATGGACCCCAAAATCAGCGAA                                 ",32.0,32.0,32.0,TGCACCCCGCATTACGTTTGGTGGACCCTCAGAT,55.88235294117647,106.0,34.0
AATGTCTGATAATGGACCCCAAAATCAGCGAA,40.625,73.0,CGCCCCACTGCGTTCTCCATTCTGGTTACTGC,59.375,147.0,106.0,37.5,"   TAGACTCCCAGGTGGTTTGCATTACGCCCCACGT                            
----|||||---|--|||--|------|||-----------------------------------
AATGTCTGATAATGGACCCCAAAATCAGCGAA                                 ",32.0,32.0,32.0,TGCACCCCGCATTACGTTTGGTGGACCCTCAGAT,55.88235294117647,106.0,34.0
AATGTCTGATAATGGACCCCAAAATCAGCGAA,40.625,73.0,GCGCCCCACTGCGTTCTCCATTCTGGTTACTG,59.375,148.0,107.0,37.5,"   TAGACTCCCAGGTGGTTTGCATTACGCCCCACGT                            
----|||||---|--|||--|------|||-----------------------------------
AATGTCTGATAATGGACCCCAAAATCAGCGAA                                 ",32.0,32.0,32.0,TGCACCCCGCATTACGTTTGGTGGACCCTCAGAT,55.88235294117647,106.0,34.0
AATGTCTGATAATGGACCCCAAAATCAGCGAA,40.625,73.0,CGCGCCCCACTGCGTTCTCCATTCTGGTTACT,59.375,149.0,108.0,37.5,"   TAGACTCCCAGGTGGTTTGCATTACGCCCCACGT                            
----|||||---|--|||--|------|||-----------------------------------
AATGTCTGATAATGGACCCCAAAATCAGCGAA                                 ",32.0,32.0,32.0,TGCACCCCGCATTACGTTTGGTGGACCCTCAGAT,55.88235294117647,106.0,34.0
AATGTCTGATAATGGACCCCAAAATCAGCGAA,40.625,73.0,TCGCGCCCCACTGCGTTCTCCATTCTGGTTAC,59.375,150.0,109.0,37.5,"   TAGACTCCCAGGTGGTTTGCATTACGCCCCACGT                            
----|||||---|--|||--|------|||-----------------------------------
AATGTCTGATAATGGACCCCAAAATCAGCGAA                                 ",32.0,32.0,32.0,TGCACCCCGCATTACGTTTGGTGGACCCTCAGAT,55.88235294117647,106.0,34.0
AATGTCTGATAATGGACCCCAAAATCAGCGAA,40.625,73.0,ATCGCGCCCCACTGCGTTCTCCATTCTGGTTA,56.25,151.0,110.0,37.5,"   TAGACTCCCAGGTGGTTTGCATTACGCCCCACGT                            
----|||||---|--|||--|------|||-----------------------------------
AATGTCTGATAATGGACCCCAAAATCAGCGAA                                 ",32.0,32.0,32.0,TGCACCCCGCATTACGTTTGGTGGACCCTCAGAT,55.88235294117647,106.0,34.0
AATGTCTGATAATGGACCCCAAAATCAGCGAA,40.625,73.0,GATCGCGCCCCACTGCGTTCTCCATTCTGGTT,59.375,152.0,111.0,37.5,"   TAGACTCCCAGGTGGTTTGCATTACGCCCCACGT                            
----|||||---|--|||--|------|||-----------------------------------
AATGTCTGATAATGGACCCCAAAATCAGCGAA                                 ",32.0,32.0,32.0,TGCACCCCGCATTACGTTTGGTGGACCCTCAGAT,55.88235294117647,106.0,34.0
AATGTCTGATAATGGACCCCAAAATCAGCGAA,40.625,73.0,TGATCGCGCCCCACTGCGTTCTCCATTCTGGT,59.375,153.0,112.0,37.5,"   TAGACTCCCAGGTGGTTTGCATTACGCCCCACGT                            
----|||||---|--|||--|------|||-----------------------------------
AATGTCTGATAATGGACCCCAAAATCAGCGAA                                 ",32.0,32.0,32.0,TGCACCCCGCATTACGTTTGGTGGACCCTCAGAT,55.88235294117647,106.0,34.0
AATGTCTGATAATGGACCCCAAAATCAGCGAA,40.625,73.0,TTGATCGCGCCCCACTGCGTTCTCCATTCTGG,59.375,154.0,113.0,37.5,"   TAGACTCCCAGGTGGTTTGCATTACGCCCCACGT                            
----|||||---|--|||--|------|||-----------------------------------
AATGTCTGATAATGGACCCCAAAATCAGCGAA                                 ",32.0,32.0,32.0,TGCACCCCGCATTACGTTTGGTGGACCCTCAGAT,55.88235294117647,106.0,34.0
AATGTCTGATAATGGACCCCAAAATCAGCGAA,40.625,73.0,TTTGATCGCGCCCCACTGCGTTCTCCATTCTG,56.25,155.0,114.0,37.5,"   TAGACTCCCAGGTGGTTTGCATTACGCCCCACGT                            
----|||||---|--|||--|------|||-----------------------------------
AATGTCTGATAATGGACCCCAAAATCAGCGAA                                 ",32.0,32.0,32.0,TGCACCCCGCATTACGTTTGGTGGACCCTCAGAT,55.88235294117647,106.0,34.0
AATGTCTGATAATGGACCCCAAAATCAGCGAA,40.625,73.0,TTTTGATCGCGCCCCACTGCGTTCTCCATTCT,53.125,156.0,115.0,34.375,"   TAGACTCCCAGGTGGTTTGCATTACGCCCCACGT                            
----|||||---|--|||--|------|||-----------------------------------
AATGTCTGATAATGGACCCCAAAATCAGCGAA                                 ",32.0,32.0,32.0,TGCACCCCGCATTACGTTTGGTGGACCCTCAGAT,55.88235294117647,106.0,34.0
AATGTCTGATAATGGACCCCAAAATCAGCGAA,40.625,73.0,GTTTTGATCGCGCCCCACTGCGTTCTCCATTC,56.25,157.0,116.0,37.5,"   TAGACTCCCAGGTGGTTTGCATTACGCCCCACGT                            
----|||||---|--|||--|------|||-----------------------------------
AATGTCTGATAATGGACCCCAAAATCAGCGAA                                 ",32.0,32.0,32.0,TGCACCCCGCATTACGTTTGGTGGACCCTCAGAT,55.88235294117647,106.0,34.0
AATGTCTGATAATGGACCCCAAAATCAGCGAA,40.625,73.0,TGTTTTGATCGCGCCCCACTGCGTTCTCCATT,53.125,158.0,117.0,37.5,"   TAGACTCCCAGGTGGTTTGCATTACGCCCCACGT                            
----|||||---|--|||--|------|||-----------------------------------
AATGTCTGATAATGGACCCCAAAATCAGCGAA                                 ",32.0,32.0,32.0,TGCACCCCGCATTACGTTTGGTGGACCCTCAGAT,55.88235294117647,106.0,34.0
AATGTCTGATAATGGACCCCAAAATCAGCGAA,40.625,73.0,TTGTTTTGATCGCGCCCCACTGCGTTCTCCAT,53.125,159.0,118.0,40.625,"   TAGACTCCCAGGTGGTTTGCATTACGCCCCACGT                            
----|||||---|--|||--|------|||-----------------------------------
AATGTCTGATAATGGACCCCAAAATCAGCGAA                                 ",32.0,32.0,32.0,TGCACCCCGCATTACGTTTGGTGGACCCTCAGAT,55.88235294117647,106.0,34.0
AATGTCTGATAATGGACCCCAAAATCAGCGAA,40.625,73.0,GTTGTTTTGATCGCGCCCCACTGCGTTCTCCA,56.25,160.0,119.0,43.75,"  GTTGTTTTGATCGCGCCCCACTGCGTTCTCCA                               
--||-|-----|--||---||||---|---||-|-------------------------------
TGCACCCCGCATTACGTTTGGTGGACCCTCAGAT                               ",32.0,32.0,32.0,TGCACCCCGCATTACGTTTGGTGGACCCTCAGAT,55.88235294117647,106.0,34.0
AATGTCTGATAATGGACCCCAAAATCAGCGAA,40.625,73.0,CGTTGTTTTGATCGCGCCCCACTGCGTTCTCC,59.375,161.0,120.0,43.75," CGTTGTTTTGATCGCGCCCCACTGCGTTCTCC                                
-|||-|-----|--||---||||---|---||---------------------------------
TGCACCCCGCATTACGTTTGGTGGACCCTCAGAT                               ",32.0,32.0,32.0,TGCACCCCGCATTACGTTTGGTGGACCCTCAGAT,55.88235294117647,106.0,34.0
AATGTCTGATAATGGACCCCAAAATCAGCGAA,40.625,73.0,ACGTTGTTTTGATCGCGCCCCACTGCGTTCTC,56.25,162.0,121.0,46.875,"TGCACCCCGCATTACGTTTGGTGGACCCTCAGAT                               
||||-|-----|--||---||||---|---||---------------------------------
ACGTTGTTTTGATCGCGCCCCACTGCGTTCTC                                 ",32.0,32.0,32.0,TGCACCCCGCATTACGTTTGGTGGACCCTCAGAT,55.88235294117647,106.0,34.0
AATGTCTGATAATGGACCCCAAAATCAGCGAA,40.625,73.0,GACGTTGTTTTGATCGCGCCCCACTGCGTTCT,56.25,163.0,122.0,43.75," TGCACCCCGCATTACGTTTGGTGGACCCTCAGAT                              
-||||-|-----|--||---||||---|---|---------------------------------
GACGTTGTTTTGATCGCGCCCCACTGCGTTCT                                 ",32.0,32.0,32.0,TGCACCCCGCATTACGTTTGGTGGACCCTCAGAT,55.88235294117647,106.0,34.0
AATGTCTGATAATGGACCCCAAAATCAGCGAA,40.625,73.0,CGACGTTGTTTTGATCGCGCCCCACTGCGTTC,59.375,164.0,123.0,40.625,"   TAGACTCCCAGGTGGTTTGCATTACGCCCCACGT                            
----|||||---|--|||--|------|||-----------------------------------
AATGTCTGATAATGGACCCCAAAATCAGCGAA                                 ",32.0,32.0,32.0,TGCACCCCGCATTACGTTTGGTGGACCCTCAGAT,55.88235294117647,106.0,34.0
AATGTCTGATAATGGACCCCAAAATCAGCGAA,40.625,73.0,CCGACGTTGTTTTGATCGCGCCCCACTGCGTT,59.375,165.0,124.0,40.625,"   TAGACTCCCAGGTGGTTTGCATTACGCCCCACGT                            
----|||||---|--|||--|------|||-----------------------------------
AATGTCTGATAATGGACCCCAAAATCAGCGAA                                 ",32.0,32.0,32.0,TGCACCCCGCATTACGTTTGGTGGACCCTCAGAT,55.88235294117647,106.0,34.0
AATGTCTGATAATGGACCCCAAAATCAGCGAA,40.625,73.0,ACTGCGTTCTCCATTCTGGTTACTGCCAGTTG,50.0,141.0,100.0,40.625,"  TTAGACTCCCAGGTGGTTTGCATTACGCCCCACG                             
----|||||---|--|||--|------|||-----------------------------------
AATGTCTGATAATGGACCCCAAAATCAGCGAA                                 ",32.0,32.0,32.0,GCACCCCGCATTACGTTTGGTGGACCCTCAGATT,55.88235294117647,107.0,34.0
AATGTCTGATAATGGACCCCAAAATCAGCGAA,40.625,73.0,CACTGCGTTCTCCATTCTGGTTACTGCCAGTT,50.0,142.0,101.0,40.625,"  TTAGACTCCCAGGTGGTTTGCATTACGCCCCACG                             
----|||||---|--|||--|------|||-----------------------------------
AATGTCTGATAATGGACCCCAAAATCAGCGAA                                 ",32.0,32.0,32.0,GCACCCCGCATTACGTTTGGTGGACCCTCAGATT,55.88235294117647,107.0,34.0
AATGTCTGATAATGGACCCCAAAATCAGCGAA,40.625,73.0,CCACTGCGTTCTCCATTCTGGTTACTGCCAGT,53.125,143.0,102.0,40.625,"  TTAGACTCCCAGGTGGTTTGCATTACGCCCCACG                             
----|||||---|--|||--|------|||-----------------------------------
AATGTCTGATAATGGACCCCAAAATCAGCGAA                                 ",32.0,32.0,32.0,GCACCCCGCATTACGTTTGGTGGACCCTCAGATT,55.88235294117647,107.0,34.0
AATGTCTGATAATGGACCCCAAAATCAGCGAA,40.625,73.0,CCCACTGCGTTCTCCATTCTGGTTACTGCCAG,56.25,144.0,103.0,40.625,"  TTAGACTCCCAGGTGGTTTGCATTACGCCCCACG                             
----|||||---|--|||--|------|||-----------------------------------
AATGTCTGATAATGGACCCCAAAATCAGCGAA                                 ",32.0,32.0,32.0,GCACCCCGCATTACGTTTGGTGGACCCTCAGATT,55.88235294117647,107.0,34.0
AATGTCTGATAATGGACCCCAAAATCAGCGAA,40.625,73.0,CCCCACTGCGTTCTCCATTCTGGTTACTGCCA,56.25,145.0,104.0,37.5,"  TTAGACTCCCAGGTGGTTTGCATTACGCCCCACG                             
----|||||---|--|||--|------|||-----------------------------------
AATGTCTGATAATGGACCCCAAAATCAGCGAA                                 ",32.0,32.0,32.0,GCACCCCGCATTACGTTTGGTGGACCCTCAGATT,55.88235294117647,107.0,34.0
AATGTCTGATAATGGACCCCAAAATCAGCGAA,40.625,73.0,GCCCCACTGCGTTCTCCATTCTGGTTACTGCC,59.375,146.0,105.0,37.5,"  TTAGACTCCCAGGTGGTTTGCATTACGCCCCACG                             
----|||||---|--|||--|------|||-----------------------------------
AATGTCTGATAATGGACCCCAAAATCAGCGAA                                 ",32.0,32.0,32.0,GCACCCCGCATTACGTTTGGTGGACCCTCAGATT,55.88235294117647,107.0,34.0
AATGTCTGATAATGGACCCCAAAATCAGCGAA,40.625,73.0,CGCCCCACTGCGTTCTCCATTCTGGTTACTGC,59.375,147.0,106.0,37.5,"  TTAGACTCCCAGGTGGTTTGCATTACGCCCCACG                             
----|||||---|--|||--|------|||-----------------------------------
AATGTCTGATAATGGACCCCAAAATCAGCGAA                                 ",32.0,32.0,32.0,GCACCCCGCATTACGTTTGGTGGACCCTCAGATT,55.88235294117647,107.0,34.0
AATGTCTGATAATGGACCCCAAAATCAGCGAA,40.625,73.0,GCGCCCCACTGCGTTCTCCATTCTGGTTACTG,59.375,148.0,107.0,37.5,"  TTAGACTCCCAGGTGGTTTGCATTACGCCCCACG                             
----|||||---|--|||--|------|||-----------------------------------
AATGTCTGATAATGGACCCCAAAATCAGCGAA                                 ",32.0,32.0,32.0,GCACCCCGCATTACGTTTGGTGGACCCTCAGATT,55.88235294117647,107.0,34.0
AATGTCTGATAATGGACCCCAAAATCAGCGAA,40.625,73.0,CGCGCCCCACTGCGTTCTCCATTCTGGTTACT,59.375,149.0,108.0,37.5,"  TTAGACTCCCAGGTGGTTTGCATTACGCCCCACG                             
----|||||---|--|||--|------|||-----------------------------------
AATGTCTGATAATGGACCCCAAAATCAGCGAA                                 ",32.0,32.0,32.0,GCACCCCGCATTACGTTTGGTGGACCCTCAGATT,55.88235294117647,107.0,34.0
AATGTCTGATAATGGACCCCAAAATCAGCGAA,40.625,73.0,TCGCGCCCCACTGCGTTCTCCATTCTGGTTAC,59.375,150.0,109.0,37.5,"  TTAGACTCCCAGGTGGTTTGCATTACGCCCCACG                             
----|||||---|--|||--|------|||-----------------------------------
AATGTCTGATAATGGACCCCAAAATCAGCGAA                                 ",32.0,32.0,32.0,GCACCCCGCATTACGTTTGGTGGACCCTCAGATT,55.88235294117647,107.0,34.0
AATGTCTGATAATGGACCCCAAAATCAGCGAA,40.625,73.0,ATCGCGCCCCACTGCGTTCTCCATTCTGGTTA,56.25,151.0,110.0,37.5,"  TTAGACTCCCAGGTGGTTTGCATTACGCCCCACG                             
----|||||---|--|||--|------|||-----------------------------------
AATGTCTGATAATGGACCCCAAAATCAGCGAA                                 ",32.0,32.0,32.0,GCACCCCGCATTACGTTTGGTGGACCCTCAGATT,55.88235294117647,107.0,34.0
AATGTCTGATAATGGACCCCAAAATCAGCGAA,40.625,73.0,GATCGCGCCCCACTGCGTTCTCCATTCTGGTT,59.375,152.0,111.0,37.5,"  TTAGACTCCCAGGTGGTTTGCATTACGCCCCACG                             
----|||||---|--|||--|------|||-----------------------------------
AATGTCTGATAATGGACCCCAAAATCAGCGAA                                 ",32.0,32.0,32.0,GCACCCCGCATTACGTTTGGTGGACCCTCAGATT,55.88235294117647,107.0,34.0
AATGTCTGATAATGGACCCCAAAATCAGCGAA,40.625,73.0,TGATCGCGCCCCACTGCGTTCTCCATTCTGGT,59.375,153.0,112.0,37.5,"  TTAGACTCCCAGGTGGTTTGCATTACGCCCCACG                             
----|||||---|--|||--|------|||-----------------------------------
AATGTCTGATAATGGACCCCAAAATCAGCGAA                                 ",32.0,32.0,32.0,GCACCCCGCATTACGTTTGGTGGACCCTCAGATT,55.88235294117647,107.0,34.0
AATGTCTGATAATGGACCCCAAAATCAGCGAA,40.625,73.0,TTGATCGCGCCCCACTGCGTTCTCCATTCTGG,59.375,154.0,113.0,37.5,"  TTAGACTCCCAGGTGGTTTGCATTACGCCCCACG                             
----|||||---|--|||--|------|||-----------------------------------
AATGTCTGATAATGGACCCCAAAATCAGCGAA                                 ",32.0,32.0,32.0,GCACCCCGCATTACGTTTGGTGGACCCTCAGATT,55.88235294117647,107.0,34.0
AATGTCTGATAATGGACCCCAAAATCAGCGAA,40.625,73.0,TTTGATCGCGCCCCACTGCGTTCTCCATTCTG,56.25,155.0,114.0,37.5,"  TTAGACTCCCAGGTGGTTTGCATTACGCCCCACG                             
----|||||---|--|||--|------|||-----------------------------------
AATGTCTGATAATGGACCCCAAAATCAGCGAA                                 ",32.0,32.0,32.0,GCACCCCGCATTACGTTTGGTGGACCCTCAGATT,55.88235294117647,107.0,34.0
AATGTCTGATAATGGACCCCAAAATCAGCGAA,40.625,73.0,TTTTGATCGCGCCCCACTGCGTTCTCCATTCT,53.125,156.0,115.0,34.375,"  TTAGACTCCCAGGTGGTTTGCATTACGCCCCACG                             
----|||||---|--|||--|------|||-----------------------------------
AATGTCTGATAATGGACCCCAAAATCAGCGAA                                 ",32.0,32.0,32.0,GCACCCCGCATTACGTTTGGTGGACCCTCAGATT,55.88235294117647,107.0,34.0
AATGTCTGATAATGGACCCCAAAATCAGCGAA,40.625,73.0,GTTTTGATCGCGCCCCACTGCGTTCTCCATTC,56.25,157.0,116.0,37.5,"  TTAGACTCCCAGGTGGTTTGCATTACGCCCCACG                             
----|||||---|--|||--|------|||-----------------------------------
AATGTCTGATAATGGACCCCAAAATCAGCGAA                                 ",32.0,32.0,32.0,GCACCCCGCATTACGTTTGGTGGACCCTCAGATT,55.88235294117647,107.0,34.0
AATGTCTGATAATGGACCCCAAAATCAGCGAA,40.625,73.0,TGTTTTGATCGCGCCCCACTGCGTTCTCCATT,53.125,158.0,117.0,37.5,"  TTAGACTCCCAGGTGGTTTGCATTACGCCCCACG                             
----|||||---|--|||--|------|||-----------------------------------
AATGTCTGATAATGGACCCCAAAATCAGCGAA                                 ",32.0,32.0,32.0,GCACCCCGCATTACGTTTGGTGGACCCTCAGATT,55.88235294117647,107.0,34.0
AATGTCTGATAATGGACCCCAAAATCAGCGAA,40.625,73.0,TTGTTTTGATCGCGCCCCACTGCGTTCTCCAT,53.125,159.0,118.0,40.625,"  TTAGACTCCCAGGTGGTTTGCATTACGCCCCACG                             
----|||||---|--|||--|------|||-----------------------------------
AATGTCTGATAATGGACCCCAAAATCAGCGAA                                 ",32.0,32.0,32.0,GCACCCCGCATTACGTTTGGTGGACCCTCAGATT,55.88235294117647,107.0,34.0
AATGTCTGATAATGGACCCCAAAATCAGCGAA,40.625,73.0,GTTGTTTTGATCGCGCCCCACTGCGTTCTCCA,56.25,160.0,119.0,43.75," GTTGTTTTGATCGCGCCCCACTGCGTTCTCCA                                
-||-|-----|--||---||||---|---||-|--------------------------------
GCACCCCGCATTACGTTTGGTGGACCCTCAGATT                               ",32.0,32.0,32.0,GCACCCCGCATTACGTTTGGTGGACCCTCAGATT,55.88235294117647,107.0,34.0
AATGTCTGATAATGGACCCCAAAATCAGCGAA,40.625,73.0,CGTTGTTTTGATCGCGCCCCACTGCGTTCTCC,59.375,161.0,120.0,43.75,"GCACCCCGCATTACGTTTGGTGGACCCTCAGATT                               
|||-|-----|--||---||||---|---||----------------------------------
CGTTGTTTTGATCGCGCCCCACTGCGTTCTCC                                 ",32.0,32.0,32.0,GCACCCCGCATTACGTTTGGTGGACCCTCAGATT,55.88235294117647,107.0,34.0
AATGTCTGATAATGGACCCCAAAATCAGCGAA,40.625,73.0,ACGTTGTTTTGATCGCGCCCCACTGCGTTCTC,56.25,162.0,121.0,43.75," GCACCCCGCATTACGTTTGGTGGACCCTCAGATT                              
-|||-|-----|--||---||||---|---||---------------------------------
ACGTTGTTTTGATCGCGCCCCACTGCGTTCTC                                 ",32.0,32.0,32.0,GCACCCCGCATTACGTTTGGTGGACCCTCAGATT,55.88235294117647,107.0,34.0
AATGTCTGATAATGGACCCCAAAATCAGCGAA,40.625,73.0,GACGTTGTTTTGATCGCGCCCCACTGCGTTCT,56.25,163.0,122.0,40.625,"  TTAGACTCCCAGGTGGTTTGCATTACGCCCCACG                             
----|||||---|--|||--|------|||-----------------------------------
AATGTCTGATAATGGACCCCAAAATCAGCGAA                                 ",32.0,32.0,32.0,GCACCCCGCATTACGTTTGGTGGACCCTCAGATT,55.88235294117647,107.0,34.0
AATGTCTGATAATGGACCCCAAAATCAGCGAA,40.625,73.0,CGACGTTGTTTTGATCGCGCCCCACTGCGTTC,59.375,164.0,123.0,37.5,"  TTAGACTCCCAGGTGGTTTGCATTACGCCCCACG                             
----|||||---|--|||--|------|||-----------------------------------
AATGTCTGATAATGGACCCCAAAATCAGCGAA                                 ",32.0,32.0,32.0,GCACCCCGCATTACGTTTGGTGGACCCTCAGATT,55.88235294117647,107.0,34.0
AATGTCTGATAATGGACCCCAAAATCAGCGAA,40.625,73.0,CCGACGTTGTTTTGATCGCGCCCCACTGCGTT,59.375,165.0,124.0,37.5,"  TTAGACTCCCAGGTGGTTTGCATTACGCCCCACG                             
----|||||---|--|||--|------|||-----------------------------------
AATGTCTGATAATGGACCCCAAAATCAGCGAA                                 ",32.0,32.0,32.0,GCACCCCGCATTACGTTTGGTGGACCCTCAGATT,55.88235294117647,107.0,34.0
AATGTCTGATAATGGACCCCAAAATCAGCGAA,40.625,73.0,CACTGCGTTCTCCATTCTGGTTACTGCCAGTT,50.0,142.0,101.0,40.625," CTTAGACTCCCAGGTGGTTTGCATTACGCCCCAC                              
----|||||---|--|||--|------|||-----------------------------------
AATGTCTGATAATGGACCCCAAAATCAGCGAA                                 ",32.0,32.0,32.0,CACCCCGCATTACGTTTGGTGGACCCTCAGATTC,55.88235294117647,108.0,34.0
AATGTCTGATAATGGACCCCAAAATCAGCGAA,40.625,73.0,CCACTGCGTTCTCCATTCTGGTTACTGCCAGT,53.125,143.0,102.0,40.625," CTTAGACTCCCAGGTGGTTTGCATTACGCCCCAC                              
----|||||---|--|||--|------|||-----------------------------------
AATGTCTGATAATGGACCCCAAAATCAGCGAA                                 ",32.0,32.0,32.0,CACCCCGCATTACGTTTGGTGGACCCTCAGATTC,55.88235294117647,108.0,34.0
AATGTCTGATAATGGACCCCAAAATCAGCGAA,40.625,73.0,CCCACTGCGTTCTCCATTCTGGTTACTGCCAG,56.25,144.0,103.0,40.625," CTTAGACTCCCAGGTGGTTTGCATTACGCCCCAC                              
----|||||---|--|||--|------|||-----------------------------------
AATGTCTGATAATGGACCCCAAAATCAGCGAA                                 ",32.0,32.0,32.0,CACCCCGCATTACGTTTGGTGGACCCTCAGATTC,55.88235294117647,108.0,34.0
AATGTCTGATAATGGACCCCAAAATCAGCGAA,40.625,73.0,CCCCACTGCGTTCTCCATTCTGGTTACTGCCA,56.25,145.0,104.0,37.5," CTTAGACTCCCAGGTGGTTTGCATTACGCCCCAC                              
----|||||---|--|||--|------|||-----------------------------------
AATGTCTGATAATGGACCCCAAAATCAGCGAA                                 ",32.0,32.0,32.0,CACCCCGCATTACGTTTGGTGGACCCTCAGATTC,55.88235294117647,108.0,34.0
AATGTCTGATAATGGACCCCAAAATCAGCGAA,40.625,73.0,GCCCCACTGCGTTCTCCATTCTGGTTACTGCC,59.375,146.0,105.0,40.625," CTTAGACTCCCAGGTGGTTTGCATTACGCCCCAC                              
----|||||---|--|||--|------|||-----------------------------------
AATGTCTGATAATGGACCCCAAAATCAGCGAA                                 ",32.0,32.0,32.0,CACCCCGCATTACGTTTGGTGGACCCTCAGATTC,55.88235294117647,108.0,34.0
AATGTCTGATAATGGACCCCAAAATCAGCGAA,40.625,73.0,CGCCCCACTGCGTTCTCCATTCTGGTTACTGC,59.375,147.0,106.0,40.625," CTTAGACTCCCAGGTGGTTTGCATTACGCCCCAC                              
----|||||---|--|||--|------|||-----------------------------------
AATGTCTGATAATGGACCCCAAAATCAGCGAA                                 ",32.0,32.0,32.0,CACCCCGCATTACGTTTGGTGGACCCTCAGATTC,55.88235294117647,108.0,34.0
AATGTCTGATAATGGACCCCAAAATCAGCGAA,40.625,73.0,GCGCCCCACTGCGTTCTCCATTCTGGTTACTG,59.375,148.0,107.0,40.625," CTTAGACTCCCAGGTGGTTTGCATTACGCCCCAC                              
----|||||---|--|||--|------|||-----------------------------------
AATGTCTGATAATGGACCCCAAAATCAGCGAA                                 ",32.0,32.0,32.0,CACCCCGCATTACGTTTGGTGGACCCTCAGATTC,55.88235294117647,108.0,34.0
AATGTCTGATAATGGACCCCAAAATCAGCGAA,40.625,73.0,CGCGCCCCACTGCGTTCTCCATTCTGGTTACT,59.375,149.0,108.0,37.5," CTTAGACTCCCAGGTGGTTTGCATTACGCCCCAC                              
----|||||---|--|||--|------|||-----------------------------------
AATGTCTGATAATGGACCCCAAAATCAGCGAA                                 ",32.0,32.0,32.0,CACCCCGCATTACGTTTGGTGGACCCTCAGATTC,55.88235294117647,108.0,34.0
AATGTCTGATAATGGACCCCAAAATCAGCGAA,40.625,73.0,TCGCGCCCCACTGCGTTCTCCATTCTGGTTAC,59.375,150.0,109.0,37.5," CTTAGACTCCCAGGTGGTTTGCATTACGCCCCAC                              
----|||||---|--|||--|------|||-----------------------------------
AATGTCTGATAATGGACCCCAAAATCAGCGAA                                 ",32.0,32.0,32.0,CACCCCGCATTACGTTTGGTGGACCCTCAGATTC,55.88235294117647,108.0,34.0
AATGTCTGATAATGGACCCCAAAATCAGCGAA,40.625,73.0,ATCGCGCCCCACTGCGTTCTCCATTCTGGTTA,56.25,151.0,110.0,37.5," CTTAGACTCCCAGGTGGTTTGCATTACGCCCCAC                              
----|||||---|--|||--|------|||-----------------------------------
AATGTCTGATAATGGACCCCAAAATCAGCGAA                                 ",32.0,32.0,32.0,CACCCCGCATTACGTTTGGTGGACCCTCAGATTC,55.88235294117647,108.0,34.0
AATGTCTGATAATGGACCCCAAAATCAGCGAA,40.625,73.0,GATCGCGCCCCACTGCGTTCTCCATTCTGGTT,59.375,152.0,111.0,37.5," CTTAGACTCCCAGGTGGTTTGCATTACGCCCCAC                              
----|||||---|--|||--|------|||-----------------------------------
AATGTCTGATAATGGACCCCAAAATCAGCGAA                                 ",32.0,32.0,32.0,CACCCCGCATTACGTTTGGTGGACCCTCAGATTC,55.88235294117647,108.0,34.0
AATGTCTGATAATGGACCCCAAAATCAGCGAA,40.625,73.0,TGATCGCGCCCCACTGCGTTCTCCATTCTGGT,59.375,153.0,112.0,37.5," CTTAGACTCCCAGGTGGTTTGCATTACGCCCCAC                              
----|||||---|--|||--|------|||-----------------------------------
AATGTCTGATAATGGACCCCAAAATCAGCGAA                                 ",32.0,32.0,32.0,CACCCCGCATTACGTTTGGTGGACCCTCAGATTC,55.88235294117647,108.0,34.0
AATGTCTGATAATGGACCCCAAAATCAGCGAA,40.625,73.0,TTGATCGCGCCCCACTGCGTTCTCCATTCTGG,59.375,154.0,113.0,37.5," CTTAGACTCCCAGGTGGTTTGCATTACGCCCCAC                              
----|||||---|--|||--|------|||-----------------------------------
AATGTCTGATAATGGACCCCAAAATCAGCGAA                                 ",32.0,32.0,32.0,CACCCCGCATTACGTTTGGTGGACCCTCAGATTC,55.88235294117647,108.0,34.0
AATGTCTGATAATGGACCCCAAAATCAGCGAA,40.625,73.0,TTTGATCGCGCCCCACTGCGTTCTCCATTCTG,56.25,155.0,114.0,37.5," CTTAGACTCCCAGGTGGTTTGCATTACGCCCCAC                              
----|||||---|--|||--|------|||-----------------------------------
AATGTCTGATAATGGACCCCAAAATCAGCGAA                                 ",32.0,32.0,32.0,CACCCCGCATTACGTTTGGTGGACCCTCAGATTC,55.88235294117647,108.0,34.0
AATGTCTGATAATGGACCCCAAAATCAGCGAA,40.625,73.0,TTTTGATCGCGCCCCACTGCGTTCTCCATTCT,53.125,156.0,115.0,34.375," CTTAGACTCCCAGGTGGTTTGCATTACGCCCCAC                              
----|||||---|--|||--|------|||-----------------------------------
AATGTCTGATAATGGACCCCAAAATCAGCGAA                                 ",32.0,32.0,32.0,CACCCCGCATTACGTTTGGTGGACCCTCAGATTC,55.88235294117647,108.0,34.0
AATGTCTGATAATGGACCCCAAAATCAGCGAA,40.625,73.0,GTTTTGATCGCGCCCCACTGCGTTCTCCATTC,56.25,157.0,116.0,37.5," CTTAGACTCCCAGGTGGTTTGCATTACGCCCCAC                              
----|||||---|--|||--|------|||-----------------------------------
AATGTCTGATAATGGACCCCAAAATCAGCGAA                                 ",32.0,32.0,32.0,CACCCCGCATTACGTTTGGTGGACCCTCAGATTC,55.88235294117647,108.0,34.0
AATGTCTGATAATGGACCCCAAAATCAGCGAA,40.625,73.0,TGTTTTGATCGCGCCCCACTGCGTTCTCCATT,53.125,158.0,117.0,37.5," CTTAGACTCCCAGGTGGTTTGCATTACGCCCCAC                              
----|||||---|--|||--|------|||-----------------------------------
AATGTCTGATAATGGACCCCAAAATCAGCGAA                                 ",32.0,32.0,32.0,CACCCCGCATTACGTTTGGTGGACCCTCAGATTC,55.88235294117647,108.0,34.0
AATGTCTGATAATGGACCCCAAAATCAGCGAA,40.625,73.0,TTGTTTTGATCGCGCCCCACTGCGTTCTCCAT,53.125,159.0,118.0,40.625," CTTAGACTCCCAGGTGGTTTGCATTACGCCCCAC                              
----|||||---|--|||--|------|||-----------------------------------
AATGTCTGATAATGGACCCCAAAATCAGCGAA                                 ",32.0,32.0,32.0,CACCCCGCATTACGTTTGGTGGACCCTCAGATTC,55.88235294117647,108.0,34.0
AATGTCTGATAATGGACCCCAAAATCAGCGAA,40.625,73.0,GTTGTTTTGATCGCGCCCCACTGCGTTCTCCA,56.25,160.0,119.0,43.75,"CACCCCGCATTACGTTTGGTGGACCCTCAGATTC                               
||-|-----|--||---||||---|---||-|---------------------------------
GTTGTTTTGATCGCGCCCCACTGCGTTCTCCA                                 ",32.0,32.0,32.0,CACCCCGCATTACGTTTGGTGGACCCTCAGATTC,55.88235294117647,108.0,34.0
AATGTCTGATAATGGACCCCAAAATCAGCGAA,40.625,73.0,CGTTGTTTTGATCGCGCCCCACTGCGTTCTCC,59.375,161.0,120.0,40.625," CTTAGACTCCCAGGTGGTTTGCATTACGCCCCAC                              
----|||||---|--|||--|------|||-----------------------------------
AATGTCTGATAATGGACCCCAAAATCAGCGAA                                 ",32.0,32.0,32.0,CACCCCGCATTACGTTTGGTGGACCCTCAGATTC,55.88235294117647,108.0,34.0
AATGTCTGATAATGGACCCCAAAATCAGCGAA,40.625,73.0,ACGTTGTTTTGATCGCGCCCCACTGCGTTCTC,56.25,162.0,121.0,40.625," CTTAGACTCCCAGGTGGTTTGCATTACGCCCCAC                              
----|||||---|--|||--|------|||-----------------------------------
AATGTCTGATAATGGACCCCAAAATCAGCGAA                                 ",32.0,32.0,32.0,CACCCCGCATTACGTTTGGTGGACCCTCAGATTC,55.88235294117647,108.0,34.0
AATGTCTGATAATGGACCCCAAAATCAGCGAA,40.625,73.0,GACGTTGTTTTGATCGCGCCCCACTGCGTTCT,56.25,163.0,122.0,37.5," CTTAGACTCCCAGGTGGTTTGCATTACGCCCCAC                              
----|||||---|--|||--|------|||-----------------------------------
AATGTCTGATAATGGACCCCAAAATCAGCGAA                                 ",32.0,32.0,32.0,CACCCCGCATTACGTTTGGTGGACCCTCAGATTC,55.88235294117647,108.0,34.0
AATGTCTGATAATGGACCCCAAAATCAGCGAA,40.625,73.0,CGACGTTGTTTTGATCGCGCCCCACTGCGTTC,59.375,164.0,123.0,34.375," CTTAGACTCCCAGGTGGTTTGCATTACGCCCCAC                              
----|||||---|--|||--|------|||-----------------------------------
AATGTCTGATAATGGACCCCAAAATCAGCGAA                                 ",32.0,32.0,32.0,CACCCCGCATTACGTTTGGTGGACCCTCAGATTC,55.88235294117647,108.0,34.0
AATGTCTGATAATGGACCCCAAAATCAGCGAA,40.625,73.0,CCGACGTTGTTTTGATCGCGCCCCACTGCGTT,59.375,165.0,124.0,34.375," CTTAGACTCCCAGGTGGTTTGCATTACGCCCCAC                              
----|||||---|--|||--|------|||-----------------------------------
AATGTCTGATAATGGACCCCAAAATCAGCGAA                                 ",32.0,32.0,32.0,CACCCCGCATTACGTTTGGTGGACCCTCAGATTC,55.88235294117647,108.0,34.0
AATGTCTGATAATGGACCCCAAAATCAGCGAA,40.625,73.0,CCACTGCGTTCTCCATTCTGGTTACTGCCAGT,53.125,143.0,102.0,37.5,"AATGTCTGATAATGGACCCCAAAATCAGCGAA                                 
----|||||---|--|||--|------|||-----------------------------------
ACTTAGACTCCCAGGTGGTTTGCATTACGCCCCA                               ",32.0,32.0,32.0,ACCCCGCATTACGTTTGGTGGACCCTCAGATTCA,52.94117647058824,109.0,34.0
AATGTCTGATAATGGACCCCAAAATCAGCGAA,40.625,73.0,CCCACTGCGTTCTCCATTCTGGTTACTGCCAG,56.25,144.0,103.0,37.5,"AATGTCTGATAATGGACCCCAAAATCAGCGAA                                 
----|||||---|--|||--|------|||-----------------------------------
ACTTAGACTCCCAGGTGGTTTGCATTACGCCCCA                               ",32.0,32.0,32.0,ACCCCGCATTACGTTTGGTGGACCCTCAGATTCA,52.94117647058824,109.0,34.0
AATGTCTGATAATGGACCCCAAAATCAGCGAA,40.625,73.0,CCCCACTGCGTTCTCCATTCTGGTTACTGCCA,56.25,145.0,104.0,37.5,"AATGTCTGATAATGGACCCCAAAATCAGCGAA                                 
----|||||---|--|||--|------|||-----------------------------------
ACTTAGACTCCCAGGTGGTTTGCATTACGCCCCA                               ",32.0,32.0,32.0,ACCCCGCATTACGTTTGGTGGACCCTCAGATTCA,52.94117647058824,109.0,34.0
AATGTCTGATAATGGACCCCAAAATCAGCGAA,40.625,73.0,GCCCCACTGCGTTCTCCATTCTGGTTACTGCC,59.375,146.0,105.0,40.625,"AATGTCTGATAATGGACCCCAAAATCAGCGAA                                 
----|||||---|--|||--|------|||-----------------------------------
ACTTAGACTCCCAGGTGGTTTGCATTACGCCCCA                               ",32.0,32.0,32.0,ACCCCGCATTACGTTTGGTGGACCCTCAGATTCA,52.94117647058824,109.0,34.0
AATGTCTGATAATGGACCCCAAAATCAGCGAA,40.625,73.0,CGCCCCACTGCGTTCTCCATTCTGGTTACTGC,59.375,147.0,106.0,40.625,"AATGTCTGATAATGGACCCCAAAATCAGCGAA                                 
----|||||---|--|||--|------|||-----------------------------------
ACTTAGACTCCCAGGTGGTTTGCATTACGCCCCA                               ",32.0,32.0,32.0,ACCCCGCATTACGTTTGGTGGACCCTCAGATTCA,52.94117647058824,109.0,34.0
AATGTCTGATAATGGACCCCAAAATCAGCGAA,40.625,73.0,GCGCCCCACTGCGTTCTCCATTCTGGTTACTG,59.375,148.0,107.0,40.625,"AATGTCTGATAATGGACCCCAAAATCAGCGAA                                 
----|||||---|--|||--|------|||-----------------------------------
ACTTAGACTCCCAGGTGGTTTGCATTACGCCCCA                               ",32.0,32.0,32.0,ACCCCGCATTACGTTTGGTGGACCCTCAGATTCA,52.94117647058824,109.0,34.0
AATGTCTGATAATGGACCCCAAAATCAGCGAA,40.625,73.0,CGCGCCCCACTGCGTTCTCCATTCTGGTTACT,59.375,149.0,108.0,37.5,"AATGTCTGATAATGGACCCCAAAATCAGCGAA                                 
----|||||---|--|||--|------|||-----------------------------------
ACTTAGACTCCCAGGTGGTTTGCATTACGCCCCA                               ",32.0,32.0,32.0,ACCCCGCATTACGTTTGGTGGACCCTCAGATTCA,52.94117647058824,109.0,34.0
AATGTCTGATAATGGACCCCAAAATCAGCGAA,40.625,73.0,TCGCGCCCCACTGCGTTCTCCATTCTGGTTAC,59.375,150.0,109.0,37.5,"AATGTCTGATAATGGACCCCAAAATCAGCGAA                                 
----|||||---|--|||--|------|||-----------------------------------
ACTTAGACTCCCAGGTGGTTTGCATTACGCCCCA                               ",32.0,32.0,32.0,ACCCCGCATTACGTTTGGTGGACCCTCAGATTCA,52.94117647058824,109.0,34.0
AATGTCTGATAATGGACCCCAAAATCAGCGAA,40.625,73.0,ATCGCGCCCCACTGCGTTCTCCATTCTGGTTA,56.25,151.0,110.0,37.5,"AATGTCTGATAATGGACCCCAAAATCAGCGAA                                 
----|||||---|--|||--|------|||-----------------------------------
ACTTAGACTCCCAGGTGGTTTGCATTACGCCCCA                               ",32.0,32.0,32.0,ACCCCGCATTACGTTTGGTGGACCCTCAGATTCA,52.94117647058824,109.0,34.0
AATGTCTGATAATGGACCCCAAAATCAGCGAA,40.625,73.0,GATCGCGCCCCACTGCGTTCTCCATTCTGGTT,59.375,152.0,111.0,37.5,"AATGTCTGATAATGGACCCCAAAATCAGCGAA                                 
----|||||---|--|||--|------|||-----------------------------------
ACTTAGACTCCCAGGTGGTTTGCATTACGCCCCA                               ",32.0,32.0,32.0,ACCCCGCATTACGTTTGGTGGACCCTCAGATTCA,52.94117647058824,109.0,34.0
AATGTCTGATAATGGACCCCAAAATCAGCGAA,40.625,73.0,TGATCGCGCCCCACTGCGTTCTCCATTCTGGT,59.375,153.0,112.0,37.5,"AATGTCTGATAATGGACCCCAAAATCAGCGAA                                 
----|||||---|--|||--|------|||-----------------------------------
ACTTAGACTCCCAGGTGGTTTGCATTACGCCCCA                               ",32.0,32.0,32.0,ACCCCGCATTACGTTTGGTGGACCCTCAGATTCA,52.94117647058824,109.0,34.0
AATGTCTGATAATGGACCCCAAAATCAGCGAA,40.625,73.0,TTGATCGCGCCCCACTGCGTTCTCCATTCTGG,59.375,154.0,113.0,37.5,"AATGTCTGATAATGGACCCCAAAATCAGCGAA                                 
----|||||---|--|||--|------|||-----------------------------------
ACTTAGACTCCCAGGTGGTTTGCATTACGCCCCA                               ",32.0,32.0,32.0,ACCCCGCATTACGTTTGGTGGACCCTCAGATTCA,52.94117647058824,109.0,34.0
AATGTCTGATAATGGACCCCAAAATCAGCGAA,40.625,73.0,TTTGATCGCGCCCCACTGCGTTCTCCATTCTG,56.25,155.0,114.0,34.375,"AATGTCTGATAATGGACCCCAAAATCAGCGAA                                 
----|||||---|--|||--|------|||-----------------------------------
ACTTAGACTCCCAGGTGGTTTGCATTACGCCCCA                               ",32.0,32.0,32.0,ACCCCGCATTACGTTTGGTGGACCCTCAGATTCA,52.94117647058824,109.0,34.0
AATGTCTGATAATGGACCCCAAAATCAGCGAA,40.625,73.0,TTTTGATCGCGCCCCACTGCGTTCTCCATTCT,53.125,156.0,115.0,34.375,"AATGTCTGATAATGGACCCCAAAATCAGCGAA                                 
----|||||---|--|||--|------|||-----------------------------------
ACTTAGACTCCCAGGTGGTTTGCATTACGCCCCA                               ",32.0,32.0,32.0,ACCCCGCATTACGTTTGGTGGACCCTCAGATTCA,52.94117647058824,109.0,34.0
AATGTCTGATAATGGACCCCAAAATCAGCGAA,40.625,73.0,GTTTTGATCGCGCCCCACTGCGTTCTCCATTC,56.25,157.0,116.0,37.5,"AATGTCTGATAATGGACCCCAAAATCAGCGAA                                 
----|||||---|--|||--|------|||-----------------------------------
ACTTAGACTCCCAGGTGGTTTGCATTACGCCCCA                               ",32.0,32.0,32.0,ACCCCGCATTACGTTTGGTGGACCCTCAGATTCA,52.94117647058824,109.0,34.0
AATGTCTGATAATGGACCCCAAAATCAGCGAA,40.625,73.0,TGTTTTGATCGCGCCCCACTGCGTTCTCCATT,53.125,158.0,117.0,37.5,"AATGTCTGATAATGGACCCCAAAATCAGCGAA                                 
----|||||---|--|||--|------|||-----------------------------------
ACTTAGACTCCCAGGTGGTTTGCATTACGCCCCA                               ",32.0,32.0,32.0,ACCCCGCATTACGTTTGGTGGACCCTCAGATTCA,52.94117647058824,109.0,34.0
AATGTCTGATAATGGACCCCAAAATCAGCGAA,40.625,73.0,TTGTTTTGATCGCGCCCCACTGCGTTCTCCAT,53.125,159.0,118.0,40.625,"AATGTCTGATAATGGACCCCAAAATCAGCGAA                                 
----|||||---|--|||--|------|||-----------------------------------
ACTTAGACTCCCAGGTGGTTTGCATTACGCCCCA                               ",32.0,32.0,32.0,ACCCCGCATTACGTTTGGTGGACCCTCAGATTCA,52.94117647058824,109.0,34.0
AATGTCTGATAATGGACCCCAAAATCAGCGAA,40.625,73.0,GTTGTTTTGATCGCGCCCCACTGCGTTCTCCA,56.25,160.0,119.0,40.625,"AATGTCTGATAATGGACCCCAAAATCAGCGAA                                 
----|||||---|--|||--|------|||-----------------------------------
ACTTAGACTCCCAGGTGGTTTGCATTACGCCCCA                               ",32.0,32.0,32.0,ACCCCGCATTACGTTTGGTGGACCCTCAGATTCA,52.94117647058824,109.0,34.0
AATGTCTGATAATGGACCCCAAAATCAGCGAA,40.625,73.0,CGTTGTTTTGATCGCGCCCCACTGCGTTCTCC,59.375,161.0,120.0,37.5,"AATGTCTGATAATGGACCCCAAAATCAGCGAA                                 
----|||||---|--|||--|------|||-----------------------------------
ACTTAGACTCCCAGGTGGTTTGCATTACGCCCCA                               ",32.0,32.0,32.0,ACCCCGCATTACGTTTGGTGGACCCTCAGATTCA,52.94117647058824,109.0,34.0
AATGTCTGATAATGGACCCCAAAATCAGCGAA,40.625,73.0,ACGTTGTTTTGATCGCGCCCCACTGCGTTCTC,56.25,162.0,121.0,37.5,"AATGTCTGATAATGGACCCCAAAATCAGCGAA                                 
----|||||---|--|||--|------|||-----------------------------------
ACTTAGACTCCCAGGTGGTTTGCATTACGCCCCA                               ",32.0,32.0,32.0,ACCCCGCATTACGTTTGGTGGACCCTCAGATTCA,52.94117647058824,109.0,34.0
AATGTCTGATAATGGACCCCAAAATCAGCGAA,40.625,73.0,GACGTTGTTTTGATCGCGCCCCACTGCGTTCT,56.25,163.0,122.0,34.375,"AATGTCTGATAATGGACCCCAAAATCAGCGAA                                 
----|||||---|--|||--|------|||-----------------------------------
ACTTAGACTCCCAGGTGGTTTGCATTACGCCCCA                               ",32.0,32.0,32.0,ACCCCGCATTACGTTTGGTGGACCCTCAGATTCA,52.94117647058824,109.0,34.0
AATGTCTGATAATGGACCCCAAAATCAGCGAA,40.625,73.0,CGACGTTGTTTTGATCGCGCCCCACTGCGTTC,59.375,164.0,123.0,31.25,"AATGTCTGATAATGGACCCCAAAATCAGCGAA                                 
----|||||---|--|||--|------|||-----------------------------------
ACTTAGACTCCCAGGTGGTTTGCATTACGCCCCA                               ",32.0,32.0,32.0,ACCCCGCATTACGTTTGGTGGACCCTCAGATTCA,52.94117647058824,109.0,34.0
AATGTCTGATAATGGACCCCAAAATCAGCGAA,40.625,73.0,CCGACGTTGTTTTGATCGCGCCCCACTGCGTT,59.375,165.0,124.0,31.25,"AATGTCTGATAATGGACCCCAAAATCAGCGAA                                 
----|||||---|--|||--|------|||-----------------------------------
ACTTAGACTCCCAGGTGGTTTGCATTACGCCCCA                               ",32.0,32.0,32.0,ACCCCGCATTACGTTTGGTGGACCCTCAGATTCA,52.94117647058824,109.0,34.0
